{"cameraMode":{"drawMode":0,"name":"Shaded","section":"Shading Mode"},"sceneLighting":true,"audioPlay":false,"sceneViewState":{"showFog":true,"showMaterialUpdate":true,"showSkybox":true,"showFlares":true,"showImageEffects":true,"showParticleSystems":true},"in2DMode":false,"pivot":{"x":390.20098876953127,"y":40.35712814331055,"z":101.99453735351563},"rotation":{"x":-0.3339790105819702,"y":0.6283411979675293,"z":-0.3418867290019989,"w":-0.6138076782226563},"size":15.605668067932129,"orthographic":false}